{
    "Mu8LegBF": {
        "abseta_pt": {
            "abseta:[0.0,0.9]": {
                "pt:[25.0,30.0]": {
                    "value": 0.9000203013420105, 
                    "error": 0.001146142397344721
                }, 
                "pt:[30.0,40.0]": {
                    "value": 0.9016999006271362, 
                    "error": 0.0003347699449966802
                }, 
                "pt:[40.0,50.0]": {
                    "value": 0.9006043672561646, 
                    "error": 0.00024823431667815403
                }, 
                "pt:[50.0,60.0]": {
                    "value": 0.9003984332084656, 
                    "error": 0.0008524321575778641
                }, 
                "pt:[60.0,120.0]": {
                    "value": 0.9055308103561401, 
                    "error": 0.0017971030660807177
                }, 
                "pt:[20.0,25.0]": {
                    "value": 0.9017608165740967, 
                    "error": 0.002321030601772254
                }
            }, 
            "abseta:[1.2,2.1]": {
                "pt:[25.0,30.0]": {
                    "value": 0.9333266019821167, 
                    "error": 0.0026137211903120463
                }, 
                "pt:[30.0,40.0]": {
                    "value": 0.9350867867469788, 
                    "error": 0.000349769858823035
                }, 
                "pt:[40.0,50.0]": {
                    "value": 0.9352144598960876, 
                    "error": 0.0007250324186870438
                }, 
                "pt:[50.0,60.0]": {
                    "value": 0.9283891320228577, 
                    "error": 0.0009117724090878013
                }, 
                "pt:[60.0,120.0]": {
                    "value": 0.9213500618934631, 
                    "error": 0.002279811345084071
                }, 
                "pt:[20.0,25.0]": {
                    "value": 0.9299899339675903, 
                    "error": 0.07001008885777993
                }
            }, 
            "abseta:[2.1,2.4]": {
                "pt:[25.0,30.0]": {
                    "value": 0.9035337567329407, 
                    "error": 0.09646621979399761
                }, 
                "pt:[30.0,40.0]": {
                    "value": 0.9106322526931763, 
                    "error": 0.0007336931452609419
                }, 
                "pt:[40.0,50.0]": {
                    "value": 0.9123643636703491, 
                    "error": 0.08763561682129684
                }, 
                "pt:[50.0,60.0]": {
                    "value": 0.9137195944786072, 
                    "error": 0.0027453383333183538
                }, 
                "pt:[60.0,120.0]": {
                    "value": 0.9358136057853699, 
                    "error": 0.0073638782715326175
                }, 
                "pt:[20.0,25.0]": {
                    "value": 0.9039368629455566, 
                    "error": 0.0027624894617407406
                }
            }, 
            "abseta:[0.9,1.2]": {
                "pt:[25.0,30.0]": {
                    "value": 0.9300681352615356, 
                    "error": 0.0014580566500800934
                }, 
                "pt:[30.0,40.0]": {
                    "value": 0.932563066482544, 
                    "error": 0.0005288994133628871
                }, 
                "pt:[40.0,50.0]": {
                    "value": 0.9330517649650574, 
                    "error": 0.00039307676980994877
                }, 
                "pt:[50.0,60.0]": {
                    "value": 0.9331227540969849, 
                    "error": 0.001259460704514325
                }, 
                "pt:[60.0,120.0]": {
                    "value": 0.9318203926086426, 
                    "error": 0.0025284441673924293
                }, 
                "pt:[20.0,25.0]": {
                    "value": 0.9395503401756287, 
                    "error": 0.0029948644119350966
                }
            }
        }, 
        "pt_ne_ratio": {
            "pt:[25.0,30.0]": {
                "ne:[2.1,2.4]": {
                    "value": 0.9035337567329407, 
                    "error": 0.09646621979399761
                }, 
                "ne:[1.2,2.1]": {
                    "value": 0.9333266019821167, 
                    "error": 0.0026137211903120463
                }, 
                "ne:[0.0,0.9]": {
                    "value": 0.9000203013420105, 
                    "error": 0.001146142397344721
                }, 
                "ne:[0.9,1.2]": {
                    "value": 0.9300681352615356, 
                    "error": 0.0014580566500800934
                }
            }, 
            "pt:[30.0,40.0]": {
                "ne:[2.1,2.4]": {
                    "value": 0.9106322526931763, 
                    "error": 0.0007336931452609419
                }, 
                "ne:[1.2,2.1]": {
                    "value": 0.9350867867469788, 
                    "error": 0.000349769858823035
                }, 
                "ne:[0.0,0.9]": {
                    "value": 0.9016999006271362, 
                    "error": 0.0003347699449966802
                }, 
                "ne:[0.9,1.2]": {
                    "value": 0.932563066482544, 
                    "error": 0.0005288994133628871
                }
            }, 
            "pt:[40.0,50.0]": {
                "ne:[2.1,2.4]": {
                    "value": 0.9123643636703491, 
                    "error": 0.08763561682129684
                }, 
                "ne:[1.2,2.1]": {
                    "value": 0.9352144598960876, 
                    "error": 0.0007250324186870438
                }, 
                "ne:[0.0,0.9]": {
                    "value": 0.9006043672561646, 
                    "error": 0.00024823431667815403
                }, 
                "ne:[0.9,1.2]": {
                    "value": 0.9330517649650574, 
                    "error": 0.00039307676980994877
                }
            }, 
            "pt:[50.0,60.0]": {
                "ne:[2.1,2.4]": {
                    "value": 0.9137195944786072, 
                    "error": 0.0027453383333183538
                }, 
                "ne:[1.2,2.1]": {
                    "value": 0.9283891320228577, 
                    "error": 0.0009117724090878013
                }, 
                "ne:[0.0,0.9]": {
                    "value": 0.9003984332084656, 
                    "error": 0.0008524321575778641
                }, 
                "ne:[0.9,1.2]": {
                    "value": 0.9331227540969849, 
                    "error": 0.001259460704514325
                }
            }, 
            "pt:[60.0,120.0]": {
                "ne:[2.1,2.4]": {
                    "value": 0.9358136057853699, 
                    "error": 0.0073638782715326175
                }, 
                "ne:[1.2,2.1]": {
                    "value": 0.9213500618934631, 
                    "error": 0.002279811345084071
                }, 
                "ne:[0.0,0.9]": {
                    "value": 0.9055308103561401, 
                    "error": 0.0017971030660807177
                }, 
                "ne:[0.9,1.2]": {
                    "value": 0.9318203926086426, 
                    "error": 0.0025284441673924293
                }
            }, 
            "pt:[20.0,25.0]": {
                "ne:[2.1,2.4]": {
                    "value": 0.9039368629455566, 
                    "error": 0.0027624894617407406
                }, 
                "ne:[1.2,2.1]": {
                    "value": 0.9299899339675903, 
                    "error": 0.07001008885777993
                }, 
                "ne:[0.0,0.9]": {
                    "value": 0.9017608165740967, 
                    "error": 0.002321030601772254
                }, 
                "ne:[0.9,1.2]": {
                    "value": 0.9395503401756287,