{
    "Mu8LegGH": {
        "abseta_pt": {
            "abseta:[0.0,0.9]": {
                "pt:[25.0,30.0]": {
                    "value": 0.924288272857666, 
                    "error": 0.0011232390241854235
                }, 
                "pt:[30.0,40.0]": {
                    "value": 0.9291529059410095, 
                    "error": 0.00030880554623350677
                }, 
                "pt:[40.0,50.0]": {
                    "value": 0.9283515214920044, 
                    "error": 0.00022182181635651294
                }, 
                "pt:[50.0,60.0]": {
                    "value": 0.9258313775062561, 
                    "error": 0.0007219639180982354
                }, 
                "pt:[60.0,120.0]": {
                    "value": 0.9273117780685425, 
                    "error": 0.0017940366918913209
                }, 
                "pt:[20.0,25.0]": {
                    "value": 0.9194591045379639, 
                    "error": 0.08054086935662619
                }
            }, 
            "abseta:[1.2,2.1]": {
                "pt:[25.0,30.0]": {
                    "value": 0.9435166716575623, 
                    "error": 0.05648331993476119
                }, 
                "pt:[30.0,40.0]": {
                    "value": 0.9489797353744507, 
                    "error": 0.0003705886890417526
                }, 
                "pt:[40.0,50.0]": {
                    "value": 0.9507661461830139, 
                    "error": 7.257258790693832e-06
                }, 
                "pt:[50.0,60.0]": {
                    "value": 0.9452123045921326, 
                    "error": 0.0010450853185671332
                }, 
                "pt:[60.0,120.0]": {
                    "value": 0.9386819005012512, 
                    "error": 0.002691704435428337
                }, 
                "pt:[20.0,25.0]": {
                    "value": 0.9400781393051147, 
                    "error": 0.002254785886302639
                }
            }, 
            "abseta:[2.1,2.4]": {
                "pt:[25.0,30.0]": {
                    "value": 0.9282330274581909, 
                    "error": 0.07176694647328197
                }, 
                "pt:[30.0,40.0]": {
                    "value": 0.9309234619140625, 
                    "error": 0.005816684525786702
                }, 
                "pt:[40.0,50.0]": {
                    "value": 0.9306039810180664, 
                    "error": 0.06939600680491076
                }, 
                "pt:[50.0,60.0]": {
                    "value": 0.9298243522644043, 
                    "error": 0.0025716698084297276
                }, 
                "pt:[60.0,120.0]": {
                    "value": 0.9467779994010925, 
                    "error": 0.007525473580558479
                }, 
                "pt:[20.0,25.0]": {
                    "value": 0.9251999258995056, 
                    "error": 0.0027235707705290622
                }
            }, 
            "abseta:[0.9,1.2]": {
                "pt:[25.0,30.0]": {
                    "value": 0.9530877470970154, 
                    "error": 0.0018681647118412694
                }, 
                "pt:[30.0,40.0]": {
                    "value": 0.9555040001869202, 
                    "error": 0.0005175807167441813
                }, 
                "pt:[40.0,50.0]": {
                    "value": 0.956831157207489, 
                    "error": 0.0003615017633263451
                }, 
                "pt:[50.0,60.0]": {
                    "value": 0.9497655630111694, 
                    "error": 0.0012237510033482589
                }, 
                "pt:[60.0,120.0]": {
                    "value": 0.9591233134269714, 
                    "error": 0.0026535321224367935
                }, 
                "pt:[20.0,25.0]": {
                    "value": 0.9543790817260742, 
                    "error": 0.0032368396205862036
                }
            }
        }, 
        "pt_ne_ratio": {
            "pt:[25.0,30.0]": {
                "ne:[2.1,2.4]": {
                    "value": 0.9282330274581909, 
                    "error": 0.07176694647328197
                }, 
                "ne:[1.2,2.1]": {
                    "value": 0.9435166716575623, 
                    "error": 0.05648331993476119
                }, 
                "ne:[0.0,0.9]": {
                    "value": 0.924288272857666, 
                    "error": 0.0011232390241854235
                }, 
                "ne:[0.9,1.2]": {
                    "value": 0.9530877470970154, 
                    "error": 0.0018681647118412694
                }
            }, 
            "pt:[30.0,40.0]": {
                "ne:[2.1,2.4]": {
                    "value": 0.9309234619140625, 
                    "error": 0.005816684525786702
                }, 
                "ne:[1.2,2.1]": {
                    "value": 0.9489797353744507, 
                    "error": 0.0003705886890417526
                }, 
                "ne:[0.0,0.9]": {
                    "value": 0.9291529059410095, 
                    "error": 0.00030880554623350677
                }, 
                "ne:[0.9,1.2]": {
                    "value": 0.9555040001869202, 
                    "error": 0.0005175807167441813
                }
            }, 
            "pt:[40.0,50.0]": {
                "ne:[2.1,2.4]": {
                    "value": 0.9306039810180664, 
                    "error": 0.06939600680491076
                }, 
                "ne:[1.2,2.1]": {
                    "value": 0.9507661461830139, 
                    "error": 7.257258790693832e-06
                }, 
                "ne:[0.0,0.9]": {
                    "value": 0.9283515214920044, 
                    "error": 0.00022182181635651294
                }, 
                "ne:[0.9,1.2]": {
                    "value": 0.956831157207489, 
                    "error": 0.0003615017633263451
                }
            }, 
            "pt:[50.0,60.0]": {
                "ne:[2.1,2.4]": {
                    "value": 0.9298243522644043, 
                    "error": 0.0025716698084297276
                }, 
                "ne:[1.2,2.1]": {
                    "value": 0.9452123045921326, 
                    "error": 0.0010450853185671332
                }, 
                "ne:[0.0,0.9]": {
                    "value": 0.9258313775062561, 
                    "error": 0.0007219639180982354
                }, 
                "ne:[0.9,1.2]": {
                    "value": 0.9497655630111694, 
                    "error": 0.0012237510033482589
                }
            }, 
            "pt:[60.0,120.0]": {
                "ne:[2.1,2.4]": {
                    "value": 0.9467779994010925, 
                    "error": 0.007525473580558479
                }, 
                "ne:[1.2,2.1]": {
                    "value": 0.9386819005012512, 
                    "error": 0.002691704435428337
                }, 
                "ne:[0.0,0.9]": {
                    "value": 0.9273117780685425, 
                    "error": 0.0017940366918913209
                }, 
                "ne:[0.9,1.2]": {
                    "value": 0.9591233134269714, 
                    "error": 0.0026535321224367935
                }
            }, 
            "pt:[20.0,25.0]": {
                "ne:[2.1,2.4]": {
                    "value": 0.9251999258995056, 
                    "error": 0.0027235707705290622
                }, 
                "ne:[1.2,2.1]": {
                    "value": 0.9400781393051147, 
                    "error": 0.002254785886302639
                }, 
                "ne:[0.0,0.9]": {
                    "value": 0.9194591045379639, 
                    "error": 0.08054086935662619
                }, 
                "ne:[0.9,1.2]": {
                    "value": 0.9543790817260742,