{
    "Mu17LegGHMC": {
        "abseta_pt": {
            "abseta:[0.0,0.9]": {
                "pt:[25.0,30.0]": {
                    "value": 0.9353680610656738, 
                    "error": 0.0006480129306096186
                }, 
                "pt:[30.0,40.0]": {
                    "value": 0.9441288113594055, 
                    "error": 0.00029811337284538556
                }, 
                "pt:[40.0,50.0]": {
                    "value": 0.9456968307495117, 
                    "error": 0.00025432905394508264
                }, 
                "pt:[50.0,60.0]": {
                    "value": 0.9464843273162842, 
                    "error": 0.0006107217808936027
                }, 
                "pt:[60.0,120.0]": {
                    "value": 0.9448801875114441, 
                    "error": 0.0008746493960890332
                }, 
                "pt:[20.0,25.0]": {
                    "value": 0.9390807747840881, 
                    "error": 0.001072217666077698
                }
            }, 
            "abseta:[1.2,2.1]": {
                "pt:[25.0,30.0]": {
                    "value": 0.9535053968429565, 
                    "error": 0.0006469818836899013
                }, 
                "pt:[30.0,40.0]": {
                    "value": 0.9552742838859558, 
                    "error": 0.0003150466526684513
                }, 
                "pt:[40.0,50.0]": {
                    "value": 0.9599277973175049, 
                    "error": 0.0002541955321221627
                }, 
                "pt:[50.0,60.0]": {
                    "value": 0.9620440006256104, 
                    "error": 0.0015121662199696817
                }, 
                "pt:[60.0,120.0]": {
                    "value": 0.9615933895111084, 
                    "error": 0.0009974154443567148
                }, 
                "pt:[20.0,25.0]": {
                    "value": 0.9501622915267944, 
                    "error": 0.0009541314342169382
                }
            }, 
            "abseta:[2.1,2.4]": {
                "pt:[25.0,30.0]": {
                    "value": 0.9163328409194946, 
                    "error": 0.0012184809679200198
                }, 
                "pt:[30.0,40.0]": {
                    "value": 0.9325332641601562, 
                    "error": 0.0006406236524162659
                }, 
                "pt:[40.0,50.0]": {
                    "value": 0.9422639608383179, 
                    "error": 0.000608524402718109
                }, 
                "pt:[50.0,60.0]": {
                    "value": 0.9524321556091309, 
                    "error": 0.001882295796897554
                }, 
                "pt:[60.0,120.0]": {
                    "value": 0.9547470211982727, 
                    "error": 0.0032378335602249388
                }, 
                "pt:[20.0,25.0]": {
                    "value": 0.9047874212265015, 
                    "error": 0.002134132683493613
                }
            }, 
            "abseta:[0.9,1.2]": {
                "pt:[25.0,30.0]": {
                    "value": 0.9592413902282715, 
                    "error": 0.0008104644201828983
                }, 
                "pt:[30.0,40.0]": {
                    "value": 0.9695130586624146, 
                    "error": 0.0003673662910402143
                }, 
                "pt:[40.0,50.0]": {
                    "value": 0.9727429747581482, 
                    "error": 0.0003014208510528584
                }, 
                "pt:[50.0,60.0]": {
                    "value": 0.9746413230895996, 
                    "error": 0.0007794888123586408
                }, 
                "pt:[60.0,120.0]": {
                    "value": 0.9770752787590027, 
                    "error": 0.0012190937285933676
                }, 
                "pt:[20.0,25.0]": {
                    "value": 0.9625056982040405, 
                    "error": 0.0012369252728653413
                }
            }
        }, 
        "pt_ne_ratio": {
            "pt:[25.0,30.0]": {
                "ne:[2.1,2.4]": {
                    "value": 0.9163328409194946, 
                    "error": 0.0012184809679200198
                }, 
                "ne:[1.2,2.1]": {
                    "value": 0.9535053968429565, 
                    "error": 0.0006469818836899013
                }, 
                "ne:[0.0,0.9]": {
                    "value": 0.9353680610656738, 
                    "error": 0.0006480129306096186
                }, 
                "ne:[0.9,1.2]": {
                    "value": 0.9592413902282715, 
                    "error": 0.0008104644201828983
                }
            }, 
            "pt:[30.0,40.0]": {
                "ne:[2.1,2.4]": {
                    "value": 0.9325332641601562, 
                    "error": 0.0006406236524162659
                }, 
                "ne:[1.2,2.1]": {
                    "value": 0.9552742838859558, 
                    "error": 0.0003150466526684513
                }, 
                "ne:[0.0,0.9]": {
                    "value": 0.9441288113594055, 
                    "error": 0.00029811337284538556
                }, 
                "ne:[0.9,1.2]": {
                    "value": 0.9695130586624146, 
                    "error": 0.0003673662910402143
                }
            }, 
            "pt:[40.0,50.0]": {
                "ne:[2.1,2.4]": {
                    "value": 0.9422639608383179, 
                    "error": 0.000608524402718109
                }, 
                "ne:[1.2,2.1]": {
                    "value": 0.9599277973175049, 
                    "error": 0.0002541955321221627
                }, 
                "ne:[0.0,0.9]": {
                    "value": 0.9456968307495117, 
                    "error": 0.00025432905394508264
                }, 
                "ne:[0.9,1.2]": {
                    "value": 0.9727429747581482, 
                    "error": 0.0003014208510528584
                }
            }, 
            "pt:[50.0,60.0]": {
                "ne:[2.1,2.4]": {
                    "value": 0.9524321556091309, 
                    "error": 0.001882295796897554
                }, 
                "ne:[1.2,2.1]": {
                    "value": 0.9620440006256104, 
                    "error": 0.0015121662199696817
                }, 
                "ne:[0.0,0.9]": {
                    "value": 0.9464843273162842, 
                    "error": 0.0006107217808936027
                }, 
                "ne:[0.9,1.2]": {
                    "value": 0.9746413230895996, 
                    "error": 0.0007794888123586408
                }
            }, 
            "pt:[60.0,120.0]": {
                "ne:[2.1,2.4]": {
                    "value": 0.9547470211982727, 
                    "error": 0.0032378335602249388
                }, 
                "ne:[1.2,2.1]": {
                    "value": 0.9615933895111084, 
                    "error": 0.0009974154443567148
                }, 
                "ne:[0.0,0.9]": {
                    "value": 0.9448801875114441, 
                    "error": 0.0008746493960890332
                }, 
                "ne:[0.9,1.2]": {
                    "value": 0.9770752787590027, 
                    "error": 0.0012190937285933676
                }
            }, 
            "pt:[20.0,25.0]": {
                "ne:[2.1,2.4]": {
                    "value": 0.9047874212265015, 
                    "error": 0.002134132683493613
                }, 
                "ne:[1.2,2.1]": {
                    "value": 0.9501622915267944, 
                    "error": 0.0009541314342169382
                }, 
                "ne:[0.0,0.9]": {
                    "value": 0.9390807747840881, 
                    "error": 0.001072217666077698
                }, 
                "ne:[0.9,1.2]": {
                    "value": 0.9625056982040405,