{
    "Mu17LegGH": {
        "abseta_pt": {
            "abseta:[0.0,0.9]": {
                "pt:[25.0,30.0]": {
                    "value": 0.9232581853866577, 
                    "error": 0.0010953655799867707
                }, 
                "pt:[30.0,40.0]": {
                    "value": 0.9284254908561707, 
                    "error": 0.0004499931725535567
                }, 
                "pt:[40.0,50.0]": {
                    "value": 0.9276942014694214, 
                    "error": 0.0002231410383550891
                }, 
                "pt:[50.0,60.0]": {
                    "value": 0.9252244830131531, 
                    "error": 0.0007232574154025903
                }, 
                "pt:[60.0,120.0]": {
                    "value": 0.9264204502105713, 
                    "error": 0.0014535855216691752
                }, 
                "pt:[20.0,25.0]": {
                    "value": 0.9179730415344238, 
                    "error": 0.002486034397901513
                }
            }, 
            "abseta:[1.2,2.1]": {
                "pt:[25.0,30.0]": {
                    "value": 0.9385802745819092, 
                    "error": 0.0009498087906514402
                }, 
                "pt:[30.0,40.0]": {
                    "value": 0.9439671039581299, 
                    "error": 0.0003761939521617879
                }, 
                "pt:[40.0,50.0]": {
                    "value": 0.947472333908081, 
                    "error": 0.000245420001380392
                }, 
                "pt:[50.0,60.0]": {
                    "value": 0.942459762096405, 
                    "error": 0.0010177150004911967
                }, 
                "pt:[60.0,120.0]": {
                    "value": 0.964161217212677, 
                    "error": 0.010324529618481241
                }, 
                "pt:[20.0,25.0]": {
                    "value": 0.9346304535865784, 
                    "error": 0.0018349243346126877
                }
            }, 
            "abseta:[2.1,2.4]": {
                "pt:[25.0,30.0]": {
                    "value": 0.8776326775550842, 
                    "error": 0.001661925410970469
                }, 
                "pt:[30.0,40.0]": {
                    "value": 0.895631730556488, 
                    "error": 0.10436829204430031
                }, 
                "pt:[40.0,50.0]": {
                    "value": 0.9040064811706543, 
                    "error": 0.002368138718417138
                }, 
                "pt:[50.0,60.0]": {
                    "value": 0.9071821570396423, 
                    "error": 0.0026847127789025125
                }, 
                "pt:[60.0,120.0]": {
                    "value": 0.9247170090675354, 
                    "error": 0.007433075454267538
                }, 
                "pt:[20.0,25.0]": {
                    "value": 0.8599527478218079, 
                    "error": 0.0028667041393523936
                }
            }, 
            "abseta:[0.9,1.2]": {
                "pt:[25.0,30.0]": {
                    "value": 0.9521347880363464, 
                    "error": 0.0015593798693535788
                }, 
                "pt:[30.0,40.0]": {
                    "value": 0.9532528519630432, 
                    "error": 0.0005229711628322525
                }, 
                "pt:[40.0,50.0]": {
                    "value": 0.954574465751648, 
                    "error": 0.0006031178843086682
                }, 
                "pt:[50.0,60.0]": {
                    "value": 0.9501864314079285, 
                    "error": 0.00128013065472231
                }, 
                "pt:[60.0,120.0]": {
                    "value": 0.9592852592468262, 
                    "error": 0.0031259219198937435
                }, 
                "pt:[20.0,25.0]": {
                    "value": 0.9412339925765991, 
                    "error": 0.05876603236198408
                }
            }
        }, 
        "pt_ne_ratio": {
            "pt:[25.0,30.0]": {
                "ne:[2.1,2.4]": {
                    "value": 0.8776326775550842, 
                    "error": 0.001661925410970469
                }, 
                "ne:[1.2,2.1]": {
                    "value": 0.9385802745819092, 
                    "error": 0.0009498087906514402
                }, 
                "ne:[0.0,0.9]": {
                    "value": 0.9232581853866577, 
                    "error": 0.0010953655799867707
                }, 
                "ne:[0.9,1.2]": {
                    "value": 0.9521347880363464, 
                    "error": 0.0015593798693535788
                }
            }, 
            "pt:[30.0,40.0]": {
                "ne:[2.1,2.4]": {
                    "value": 0.895631730556488, 
                    "error": 0.10436829204430031
                }, 
                "ne:[1.2,2.1]": {
                    "value": 0.9439671039581299, 
                    "error": 0.0003761939521617879
                }, 
                "ne:[0.0,0.9]": {
                    "value": 0.9284254908561707, 
                    "error": 0.0004499931725535567
                }, 
                "ne:[0.9,1.2]": {
                    "value": 0.9532528519630432, 
                    "error": 0.0005229711628322525
                }
            }, 
            "pt:[40.0,50.0]": {
                "ne:[2.1,2.4]": {
                    "value": 0.9040064811706543, 
                    "error": 0.002368138718417138
                }, 
                "ne:[1.2,2.1]": {
                    "value": 0.947472333908081, 
                    "error": 0.000245420001380392
                }, 
                "ne:[0.0,0.9]": {
                    "value": 0.9276942014694214, 
                    "error": 0.0002231410383550891
                }, 
                "ne:[0.9,1.2]": {
                    "value": 0.954574465751648, 
                    "error": 0.0006031178843086682
                }
            }, 
            "pt:[50.0,60.0]": {
                "ne:[2.1,2.4]": {
                    "value": 0.9071821570396423, 
                    "error": 0.0026847127789025125
                }, 
                "ne:[1.2,2.1]": {
                    "value": 0.942459762096405, 
                    "error": 0.0010177150004911967
                }, 
                "ne:[0.0,0.9]": {
                    "value": 0.9252244830131531, 
                    "error": 0.0007232574154025903
                }, 
                "ne:[0.9,1.2]": {
                    "value": 0.9501864314079285, 
                    "error": 0.00128013065472231
                }
            }, 
            "pt:[60.0,120.0]": {
                "ne:[2.1,2.4]": {
                    "value": 0.9247170090675354, 
                    "error": 0.007433075454267538
                }, 
                "ne:[1.2,2.1]": {
                    "value": 0.964161217212677, 
                    "error": 0.010324529618481241
                }, 
                "ne:[0.0,0.9]": {
                    "value": 0.9264204502105713, 
                    "error": 0.0014535855216691752
                }, 
                "ne:[0.9,1.2]": {
                    "value": 0.9592852592468262, 
                    "error": 0.0031259219198937435
                }
            }, 
            "pt:[20.0,25.0]": {
                "ne:[2.1,2.4]": {
                    "value": 0.8599527478218079, 
                    "error": 0.0028667041393523936
                }, 
                "ne:[1.2,2.1]": {
                    "value": 0.9346304535865784, 
                    "error": 0.0018349243346126877
                }, 
                "ne:[0.0,0.9]": {
                    "value": 0.9179730415344238, 
                    "error": 0.002486034397901513
                }, 
                "ne:[0.9,1.2]": {
                    "value": 0.9412339925765991,