{
    "Mu17LegBF": {
        "abseta_pt": {
            "abseta:[0.0,0.9]": {
                "pt:[25.0,30.0]": {
                    "value": 0.8986072540283203, 
                    "error": 0.0011408213712106362
                }, 
                "pt:[30.0,40.0]": {
                    "value": 0.9009122252464294, 
                    "error": 0.0003363916031904817
                }, 
                "pt:[40.0,50.0]": {
                    "value": 0.8998752236366272, 
                    "error": 0.0002486345646121586
                }, 
                "pt:[50.0,60.0]": {
                    "value": 0.8996766209602356, 
                    "error": 0.0008519865220566385
                }, 
                "pt:[60.0,120.0]": {
                    "value": 0.9054667949676514, 
                    "error": 0.0017728836868296498
                }, 
                "pt:[20.0,25.0]": {
                    "value": 0.9006232619285583, 
                    "error": 0.002410440858164932
                }
            }, 
            "abseta:[1.2,2.1]": {
                "pt:[25.0,30.0]": {
                    "value": 0.925250768661499, 
                    "error": 0.0008496929481736075
                }, 
                "pt:[30.0,40.0]": {
                    "value": 0.9292330145835876, 
                    "error": 0.00035629371815894603
                }, 
                "pt:[40.0,50.0]": {
                    "value": 0.9315605163574219, 
                    "error": 0.00028794895314472374
                }, 
                "pt:[50.0,60.0]": {
                    "value": 0.9254566431045532, 
                    "error": 0.0009159243407019358
                }, 
                "pt:[60.0,120.0]": {
                    "value": 0.9149054288864136, 
                    "error": 0.0018414912101056662
                }, 
                "pt:[20.0,25.0]": {
                    "value": 0.9143170118331909, 
                    "error": 0.0013675175773174611
                }
            }, 
            "abseta:[2.1,2.4]": {
                "pt:[25.0,30.0]": {
                    "value": 0.8313326835632324, 
                    "error": 0.16866728872744763
                }, 
                "pt:[30.0,40.0]": {
                    "value": 0.8587453961372375, 
                    "error": 0.0008247248523108502
                }, 
                "pt:[40.0,50.0]": {
                    "value": 0.8733251094818115, 
                    "error": 0.006493489407562028
                }, 
                "pt:[50.0,60.0]": {
                    "value": 0.8833106756210327, 
                    "error": 0.00289567707489049
                }, 
                "pt:[60.0,120.0]": {
                    "value": 0.9094765186309814, 
                    "error": 0.007267883379320245
                }, 
                "pt:[20.0,25.0]": {
                    "value": 0.8070597052574158, 
                    "error": 0.0028649246571126608
                }
            }, 
            "abseta:[0.9,1.2]": {
                "pt:[25.0,30.0]": {
                    "value": 0.9256631135940552, 
                    "error": 0.001748770043225257
                }, 
                "pt:[30.0,40.0]": {
                    "value": 0.928931474685669, 
                    "error": 0.0005302048783774571
                }, 
                "pt:[40.0,50.0]": {
                    "value": 0.9313099980354309, 
                    "error": 0.00038308388528428776
                }, 
                "pt:[50.0,60.0]": {
                    "value": 0.9319303035736084, 
                    "error": 0.0012549772942997755
                }, 
                "pt:[60.0,120.0]": {
                    "value": 0.9308096170425415, 
                    "error": 0.005042477853972249
                }, 
                "pt:[20.0,25.0]": {
                    "value": 0.9339155554771423, 
                    "error": 0.0029980937968897502
                }
            }
        }, 
        "pt_ne_ratio": {
            "pt:[25.0,30.0]": {
                "ne:[2.1,2.4]": {
                    "value": 0.8313326835632324, 
                    "error": 0.16866728872744763
                }, 
                "ne:[1.2,2.1]": {
                    "value": 0.925250768661499, 
                    "error": 0.0008496929481736075
                }, 
                "ne:[0.0,0.9]": {
                    "value": 0.8986072540283203, 
                    "error": 0.0011408213712106362
                }, 
                "ne:[0.9,1.2]": {
                    "value": 0.9256631135940552, 
                    "error": 0.001748770043225257
                }
            }, 
            "pt:[30.0,40.0]": {
                "ne:[2.1,2.4]": {
                    "value": 0.8587453961372375, 
                    "error": 0.0008247248523108502
                }, 
                "ne:[1.2,2.1]": {
                    "value": 0.9292330145835876, 
                    "error": 0.00035629371815894603
                }, 
                "ne:[0.0,0.9]": {
                    "value": 0.9009122252464294, 
                    "error": 0.0003363916031904817
                }, 
                "ne:[0.9,1.2]": {
                    "value": 0.928931474685669, 
                    "error": 0.0005302048783774571
                }
            }, 
            "pt:[40.0,50.0]": {
                "ne:[2.1,2.4]": {
                    "value": 0.8733251094818115, 
                    "error": 0.006493489407562028
                }, 
                "ne:[1.2,2.1]": {
                    "value": 0.9315605163574219, 
                    "error": 0.00028794895314472374
                }, 
                "ne:[0.0,0.9]": {
                    "value": 0.8998752236366272, 
                    "error": 0.0002486345646121586
                }, 
                "ne:[0.9,1.2]": {
                    "value": 0.9313099980354309, 
                    "error": 0.00038308388528428776
                }
            }, 
            "pt:[50.0,60.0]": {
                "ne:[2.1,2.4]": {
                    "value": 0.8833106756210327, 
                    "error": 0.00289567707489049
                }, 
                "ne:[1.2,2.1]": {
                    "value": 0.9254566431045532, 
                    "error": 0.0009159243407019358
                }, 
                "ne:[0.0,0.9]": {
                    "value": 0.8996766209602356, 
                    "error": 0.0008519865220566385
                }, 
                "ne:[0.9,1.2]": {
                    "value": 0.9319303035736084, 
                    "error": 0.0012549772942997755
                }
            }, 
            "pt:[60.0,120.0]": {
                "ne:[2.1,2.4]": {
                    "value": 0.9094765186309814, 
                    "error": 0.007267883379320245
                }, 
                "ne:[1.2,2.1]": {
                    "value": 0.9149054288864136, 
                    "error": 0.0018414912101056662
                }, 
                "ne:[0.0,0.9]": {
                    "value": 0.9054667949676514, 
                    "error": 0.0017728836868296498
                }, 
                "ne:[0.9,1.2]": {
                    "value": 0.9308096170425415, 
                    "error": 0.005042477853972249
                }
            }, 
            "pt:[20.0,25.0]": {
                "ne:[2.1,2.4]": {
                    "value": 0.8070597052574158, 
                    "error": 0.0028649246571126608
                }, 
                "ne:[1.2,2.1]": {
                    "value": 0.9143170118331909, 
                    "error": 0.0013675175773174611
                }, 
                "ne:[0.0,0.9]": {
                    "value": 0.9006232619285583, 
                    "error": 0.002410440858164932
                }, 
                "ne:[0.9,1.2]": {
                    "value": 0.9339155554771423,