{
    "Mu8LegGHMC": {
        "abseta_pt": {
            "abseta:[0.0,0.9]": {
                "pt:[25.0,30.0]": {
                    "value": 0.9358451962471008, 
                    "error": 0.0006451262657382715
                }, 
                "pt:[30.0,40.0]": {
                    "value": 0.9445279240608215, 
                    "error": 0.00029774488274492323
                }, 
                "pt:[40.0,50.0]": {
                    "value": 0.9460840821266174, 
                    "error": 0.00025496738964505514
                }, 
                "pt:[50.0,60.0]": {
                    "value": 0.9463940858840942, 
                    "error": 0.0013990187593507035
                }, 
                "pt:[60.0,120.0]": {
                    "value": 0.9452318549156189, 
                    "error": 0.0008732515743414957
                }, 
                "pt:[20.0,25.0]": {
                    "value": 0.9399042129516602, 
                    "error": 0.0010936292491166046
                }
            }, 
            "abseta:[1.2,2.1]": {
                "pt:[25.0,30.0]": {
                    "value": 0.9577877521514893, 
                    "error": 0.0006251193631685634
                }, 
                "pt:[30.0,40.0]": {
                    "value": 0.9578424692153931, 
                    "error": 0.00030522824304445137
                }, 
                "pt:[40.0,50.0]": {
                    "value": 0.9617322087287903, 
                    "error": 0.00025020176805022625
                }, 
                "pt:[50.0,60.0]": {
                    "value": 0.9637507796287537, 
                    "error": 0.0006448695402441245
                }, 
                "pt:[60.0,120.0]": {
                    "value": 0.962838351726532, 
                    "error": 0.0009781159463999184
                }, 
                "pt:[20.0,25.0]": {
                    "value": 0.9570680260658264, 
                    "error": 0.0009011986710193976
                }
            }, 
            "abseta:[2.1,2.4]": {
                "pt:[25.0,30.0]": {
                    "value": 0.9477311372756958, 
                    "error": 0.000985539975497823
                }, 
                "pt:[30.0,40.0]": {
                    "value": 0.9542512893676758, 
                    "error": 0.0005345531472706781
                }, 
                "pt:[40.0,50.0]": {
                    "value": 0.9567591547966003, 
                    "error": 0.0005307485314643392
                }, 
                "pt:[50.0,60.0]": {
                    "value": 0.9633259177207947, 
                    "error": 0.0019787514897253904
                }, 
                "pt:[60.0,120.0]": {
                    "value": 0.9626181125640869, 
                    "error": 0.003364074487816873
                }, 
                "pt:[20.0,25.0]": {
                    "value": 0.9513280391693115, 
                    "error": 0.0016382905396137226
                }
            }, 
            "abseta:[0.9,1.2]": {
                "pt:[25.0,30.0]": {
                    "value": 0.9621949195861816, 
                    "error": 0.0007813626504006486
                }, 
                "pt:[30.0,40.0]": {
                    "value": 0.9713460803031921, 
                    "error": 0.0003567866516046939
                }, 
                "pt:[40.0,50.0]": {
                    "value": 0.9740620255470276, 
                    "error": 0.0002934602247164544
                }, 
                "pt:[50.0,60.0]": {
                    "value": 0.9754247069358826, 
                    "error": 0.0009247558934920591
                }, 
                "pt:[60.0,120.0]": {
                    "value": 0.9780848622322083, 
                    "error": 0.0012238245012223328
                }, 
                "pt:[20.0,25.0]": {
                    "value": 0.9668656587600708, 
                    "error": 0.0014368787446033004
                }
            }
        }, 
        "pt_ne_ratio": {
            "pt:[25.0,30.0]": {
                "ne:[2.1,2.4]": {
                    "value": 0.9477311372756958, 
                    "error": 0.000985539975497823
                }, 
                "ne:[1.2,2.1]": {
                    "value": 0.9577877521514893, 
                    "error": 0.0006251193631685634
                }, 
                "ne:[0.0,0.9]": {
                    "value": 0.9358451962471008, 
                    "error": 0.0006451262657382715
                }, 
                "ne:[0.9,1.2]": {
                    "value": 0.9621949195861816, 
                    "error": 0.0007813626504006486
                }
            }, 
            "pt:[30.0,40.0]": {
                "ne:[2.1,2.4]": {
                    "value": 0.9542512893676758, 
                    "error": 0.0005345531472706781
                }, 
                "ne:[1.2,2.1]": {
                    "value": 0.9578424692153931, 
                    "error": 0.00030522824304445137
                }, 
                "ne:[0.0,0.9]": {
                    "value": 0.9445279240608215, 
                    "error": 0.00029774488274492323
                }, 
                "ne:[0.9,1.2]": {
                    "value": 0.9713460803031921, 
                    "error": 0.0003567866516046939
                }
            }, 
            "pt:[40.0,50.0]": {
                "ne:[2.1,2.4]": {
                    "value": 0.9567591547966003, 
                    "error": 0.0005307485314643392
                }, 
                "ne:[1.2,2.1]": {
                    "value": 0.9617322087287903, 
                    "error": 0.00025020176805022625
                }, 
                "ne:[0.0,0.9]": {
                    "value": 0.9460840821266174, 
                    "error": 0.00025496738964505514
                }, 
                "ne:[0.9,1.2]": {
                    "value": 0.9740620255470276, 
                    "error": 0.0002934602247164544
                }
            }, 
            "pt:[50.0,60.0]": {
                "ne:[2.1,2.4]": {
                    "value": 0.9633259177207947, 
                    "error": 0.0019787514897253904
                }, 
                "ne:[1.2,2.1]": {
                    "value": 0.9637507796287537, 
                    "error": 0.0006448695402441245
                }, 
                "ne:[0.0,0.9]": {
                    "value": 0.9463940858840942, 
                    "error": 0.0013990187593507035
                }, 
                "ne:[0.9,1.2]": {
                    "value": 0.9754247069358826, 
                    "error": 0.0009247558934920591
                }
            }, 
            "pt:[60.0,120.0]": {
                "ne:[2.1,2.4]": {
                    "value": 0.9626181125640869, 
                    "error": 0.003364074487816873
                }, 
                "ne:[1.2,2.1]": {
                    "value": 0.962838351726532, 
                    "error": 0.0009781159463999184
                }, 
                "ne:[0.0,0.9]": {
                    "value": 0.9452318549156189, 
                    "error": 0.0008732515743414957
                }, 
                "ne:[0.9,1.2]": {
                    "value": 0.9780848622322083, 
                    "error": 0.0012238245012223328
                }
            }, 
            "pt:[20.0,25.0]": {
                "ne:[2.1,2.4]": {
                    "value": 0.9513280391693115, 
                    "error": 0.0016382905396137226
                }, 
                "ne:[1.2,2.1]": {
                    "value": 0.9570680260658264, 
                    "error": 0.0009011986710193976
                }, 
                "ne:[0.0,0.9]": {
                    "value": 0.9399042129516602, 
                    "error": 0.0010936292491166046
                }, 
                "ne:[0.9,1.2]": {
                    "value": 0.9668656587600708,