{
    "Mu17Leg": {
        "abseta_pair_ne_ratio": {
            "abseta:[0.0,0.9]": {
                "pair:[25.0,30.0]": {
                    "value": 0.9827836155891418, 
                    "error": 0.0008303956906154162
                }, 
                "pair:[30.0,40.0]": {
                    "value": 0.9780088663101196, 
                    "error": 0.00029345449205787075
                }, 
                "pair:[40.0,50.0]": {
                    "value": 0.9774421453475952, 
                    "error": 0.0002349376661472827
                }, 
                "pair:[50.0,60.0]": {
                    "value": 0.9766778349876404, 
                    "error": 0.0006204478281407257
                }, 
                "pair:[60.0,120.0]": {
                    "value": 0.9752464294433594, 
                    "error": 0.000995703918288021
                }, 
                "pair:[20.0,25.0]": {
                    "value": 0.9905131459236145, 
                    "error": 0.0013566641048253889
                }
            }, 
            "abseta:[1.2,2.1]": {
                "pair:[25.0,30.0]": {
                    "value": 0.9906216263771057, 
                    "error": 0.0007247087836458185
                }, 
                "pair:[30.0,40.0]": {
                    "value": 0.9884030818939209, 
                    "error": 0.04771805467543951
                }, 
                "pair:[40.0,50.0]": {
                    "value": 0.9888041615486145, 
                    "error": 0.00032668993019064485
                }, 
                "pair:[50.0,60.0]": {
                    "value": 0.987524688243866, 
                    "error": 0.000636736242214862
                }, 
                "pair:[60.0,120.0]": {
                    "value": 0.9879382252693176, 
                    "error": 0.002414134648410373
                }, 
                "pair:[20.0,25.0]": {
                    "value": 0.9907618761062622, 
                    "error": 0.0009412783344771882
                }
            }, 
            "abseta:[2.1,2.4]": {
                "pair:[25.0,30.0]": {
                    "value": 0.9957305192947388, 
                    "error": 0.009340963155492522
                }, 
                "pair:[30.0,40.0]": {
                    "value": 0.9957898259162903, 
                    "error": 0.0006658088254477604
                }, 
                "pair:[40.0,50.0]": {
                    "value": 0.993622362613678, 
                    "error": 0.0006776036346663676
                }, 
                "pair:[50.0,60.0]": {
                    "value": 0.9900394678115845, 
                    "error": 0.002425612005056723
                }, 
                "pair:[60.0,120.0]": {
                    "value": 0.9921126961708069, 
                    "error": 0.004794020205098853
                }, 
                "pair:[20.0,25.0]": {
                    "value": 0.9938493371009827, 
                    "error": 0.001857858343024058
                }
            }, 
            "abseta:[0.9,1.2]": {
                "pair:[25.0,30.0]": {
                    "value": 0.9735886454582214, 
                    "error": 0.000877259335110381
                }, 
                "pair:[30.0,40.0]": {
                    "value": 0.9686266779899597, 
                    "error": 0.05677481226732938
                }, 
                "pair:[40.0,50.0]": {
                    "value": 0.9680536389350891, 
                    "error": 0.00028176011131805095
                }, 
                "pair:[50.0,60.0]": {
                    "value": 0.9665957093238831, 
                    "error": 0.0008289328133693042
                }, 
                "pair:[60.0,120.0]": {
                    "value": 0.9627630710601807, 
                    "error": 0.0014146756736319811
                }, 
                "pair:[20.0,25.0]": {
                    "value": 0.9720070362091064, 
                    "error": 0.001685763499420025
                }
            }
        }, 
        "pair_ne_ratio": {
            "pair:[25.0,30.0]": {
                "ne:[2.1,2.4]": {
                    "value": 0.9957305192947388, 
                    "error": 0.009340963155492522
                }, 
                "ne:[1.2,2.1]": {
                    "value": 0.9906216263771057, 
                    "error": 0.0007247087836458185
                }, 
                "ne:[0.0,0.9]": {
                    "value": 0.9827836155891418, 
                    "error": 0.0008303956906154162
                }, 
                "ne:[0.9,1.2]": {
                    "value": 0.9735886454582214, 
                    "error": 0.000877259335110381
                }
            }, 
            "pair:[30.0,40.0]": {
                "ne:[2.1,2.4]": {
                    "value": 0.9957898259162903, 
                    "error": 0.0006658088254477604
                }, 
                "ne:[1.2,2.1]": {
                    "value": 0.9884030818939209, 
                    "error": 0.04771805467543951
                }, 
                "ne:[0.0,0.9]": {
                    "value": 0.9780088663101196, 
                    "error": 0.00029345449205787075
                }, 
                "ne:[0.9,1.2]": {
                    "value": 0.9686266779899597, 
                    "error": 0.05677481226732938
                }
            }, 
            "pair:[40.0,50.0]": {
                "ne:[2.1,2.4]": {
                    "value": 0.993622362613678, 
                    "error": 0.0006776036346663676
                }, 
                "ne:[1.2,2.1]": {
                    "value": 0.9888041615486145, 
                    "error": 0.00032668993019064485
                }, 
                "ne:[0.0,0.9]": {
                    "value": 0.9774421453475952, 
                    "error": 0.0002349376661472827
                }, 
                "ne:[0.9,1.2]": {
                    "value": 0.9680536389350891, 
                    "error": 0.00028176011131805095
                }
            }, 
            "pair:[50.0,60.0]": {
                "ne:[2.1,2.4]": {
                    "value": 0.9900394678115845, 
                    "error": 0.002425612005056723
                }, 
                "ne:[1.2,2.1]": {
                    "value": 0.987524688243866, 
                    "error": 0.000636736242214862
                }, 
                "ne:[0.0,0.9]": {
                    "value": 0.9766778349876404, 
                    "error": 0.0006204478281407257
                }, 
                "ne:[0.9,1.2]": {
                    "value": 0.9665957093238831, 
                    "error": 0.0008289328133693042
                }
            }, 
            "pair:[60.0,120.0]": {
                "ne:[2.1,2.4]": {
                    "value": 0.9921126961708069, 
                    "error": 0.004794020205098853
                }, 
                "ne:[1.2,2.1]": {
                    "value": 0.9879382252693176, 
                    "error": 0.002414134648410373
                }, 
                "ne:[0.0,0.9]": {
                    "value": 0.9752464294433594, 
                    "error": 0.000995703918288021
                }, 
                "ne:[0.9,1.2]": {
                    "value": 0.9627630710601807, 
                    "error": 0.0014146756736319811
                }
            }, 
            "pair:[20.0,25.0]": {
                "ne:[2.1,2.4]": {
                    "value": 0.9938493371009827, 
                    "error": 0.001857858343024058
                }, 
                "ne:[1.2,2.1]": {
                    "value": 0.9907618761062622, 
                    "error": 0.0009412783344771882
                }, 
                "ne:[0.0,0.9]": {
                    "value": 0.9905131459236145, 
                    "error": 0.0013566641048253889
                },