{
    "SF_MuIDTightGH": {
        "abseta_pt": {
            "abseta:[0.0,0.9]": {
                "pt:[25.0,30.0]": {
                    "value": 1.0004531145095825, 
                    "error": 0.0011848998365278911
                }, 
                "pt:[30.0,40.0]": {
                    "value": 0.991958498954773, 
                    "error": 0.0003776480919508443
                }, 
                "pt:[40.0,50.0]": {
                    "value": 0.9895320534706116, 
                    "error": 0.0002843071287026927
                }, 
                "pt:[50.0,60.0]": {
                    "value": 0.9864709377288818, 
                    "error": 0.0008188226014618721
                }, 
                "pt:[60.0,120.0]": {
                    "value": 0.989108145236969, 
                    "error": 0.04090905518557341
                }, 
                "pt:[20.0,25.0]": {
                    "value": 0.9889712333679199, 
                    "error": 0.0026248639119436663
                }
            }, 
            "abseta:[1.2,2.1]": {
                "pt:[25.0,30.0]": {
                    "value": 0.9884619116783142, 
                    "error": 0.001114365619483442
                }, 
                "pt:[30.0,40.0]": {
                    "value": 0.9953342080116272, 
                    "error": 0.0003889940257391936
                }, 
                "pt:[40.0,50.0]": {
                    "value": 0.9934887290000916, 
                    "error": 0.0002465064610177024
                }, 
                "pt:[50.0,60.0]": {
                    "value": 0.9862250089645386, 
                    "error": 0.0010390741493089524
                }, 
                "pt:[60.0,120.0]": {
                    "value": 0.9863385558128357, 
                    "error": 0.0024497268803888896
                }, 
                "pt:[20.0,25.0]": {
                    "value": 0.9876802563667297, 
                    "error": 0.005951377866070758
                }
            }, 
            "abseta:[2.1,2.4]": {
                "pt:[25.0,30.0]": {
                    "value": 0.9900888800621033, 
                    "error": 0.0018034615956288155
                }, 
                "pt:[30.0,40.0]": {
                    "value": 0.9798442125320435, 
                    "error": 0.05710872044820906
                }, 
                "pt:[40.0,50.0]": {
                    "value": 0.9768198728561401, 
                    "error": 0.0009246543911149727
                }, 
                "pt:[50.0,60.0]": {
                    "value": 0.9682421088218689, 
                    "error": 0.003021894165493358
                }, 
                "pt:[60.0,120.0]": {
                    "value": 0.9766483306884766, 
                    "error": 0.00807387621336708
                }, 
                "pt:[20.0,25.0]": {
                    "value": 0.9789426326751709, 
                    "error": 0.003131450823104309
                }
            }, 
            "abseta:[0.9,1.2]": {
                "pt:[25.0,30.0]": {
                    "value": 0.9931841492652893, 
                    "error": 0.0017799820942193604
                }, 
                "pt:[30.0,40.0]": {
                    "value": 0.9851652979850769, 
                    "error": 0.0006366671092548855
                }, 
                "pt:[40.0,50.0]": {
                    "value": 0.983440637588501, 
                    "error": 0.00046847014714686616
                }, 
                "pt:[50.0,60.0]": {
                    "value": 0.9780164361000061, 
                    "error": 0.0014828099329146623
                }, 
                "pt:[60.0,120.0]": {
                    "value": 0.9829534888267517, 
                    "error": 0.0029617798176143884
                }, 
                "pt:[20.0,25.0]": {
                    "value": 0.9864161610603333, 
                    "error": 0.0035906163919234213
                }
            }
        }, 
        "pt_ne_ratio": {
            "pt:[25.0,30.0]": {
                "ne:[2.1,2.4]": {
                    "value": 0.9900888800621033, 
                    "error": 0.0018034615956288155
                }, 
                "ne:[1.2,2.1]": {
                    "value": 0.9884619116783142, 
                    "error": 0.001114365619483442
                }, 
                "ne:[0.0,0.9]": {
                    "value": 1.0004531145095825, 
                    "error": 0.0011848998365278911
                }, 
                "ne:[0.9,1.2]": {
                    "value": 0.9931841492652893, 
                    "error": 0.0017799820942193604
                }
            }, 
            "pt:[30.0,40.0]": {
                "ne:[2.1,2.4]": {
                    "value": 0.9798442125320435, 
                    "error": 0.05710872044820906
                }, 
                "ne:[1.2,2.1]": {
                    "value": 0.9953342080116272, 
                    "error": 0.0003889940257391936
                }, 
                "ne:[0.0,0.9]": {
                    "value": 0.991958498954773, 
                    "error": 0.0003776480919508443
                }, 
                "ne:[0.9,1.2]": {
                    "value": 0.9851652979850769, 
                    "error": 0.0006366671092548855
                }
            }, 
            "pt:[40.0,50.0]": {
                "ne:[2.1,2.4]": {
                    "value": 0.9768198728561401, 
                    "error": 0.0009246543911149727
                }, 
                "ne:[1.2,2.1]": {
                    "value": 0.9934887290000916, 
                    "error": 0.0002465064610177024
                }, 
                "ne:[0.0,0.9]": {
                    "value": 0.9895320534706116, 
                    "error": 0.0002843071287026927
                }, 
                "ne:[0.9,1.2]": {
                    "value": 0.983440637588501, 
                    "error": 0.00046847014714686616
                }
            }, 
            "pt:[50.0,60.0]": {
                "ne:[2.1,2.4]": {
                    "value": 0.9682421088218689, 
                    "error": 0.003021894165493358
                }, 
                "ne:[1.2,2.1]": {
                    "value": 0.9862250089645386, 
                    "error": 0.0010390741493089524
                }, 
                "ne:[0.0,0.9]": {
                    "value": 0.9864709377288818, 
                    "error": 0.0008188226014618721
                }, 
                "ne:[0.9,1.2]": {
                    "value": 0.9780164361000061, 
                    "error": 0.0014828099329146623
                }
            }, 
            "pt:[60.0,120.0]": {
                "ne:[2.1,2.4]": {
                    "value": 0.9766483306884766, 
                    "error": 0.00807387621336708
                }, 
                "ne:[1.2,2.1]": {
                    "value": 0.9863385558128357, 
                    "error": 0.0024497268803888896
                }, 
                "ne:[0.0,0.9]": {
                    "value": 0.989108145236969, 
                    "error": 0.04090905518557341
                }, 
                "ne:[0.9,1.2]": {
                    "value": 0.9829534888267517, 
                    "error": 0.0029617798176143884
                }
            }, 
            "pt:[20.0,25.0]": {
                "ne:[2.1,2.4]": {
                    "value": 0.9789426326751709, 
                    "error": 0.003131450823104309
                }, 
                "ne:[1.2,2.1]": {
                    "value": 0.9876802563667297, 
                    "error": 0.005951377866070758
                }, 
                "ne:[0.0,0.9]": {
                    "value": 0.9889712333679199, 
                    "error": 0.0026248639119436663
                }, 
                "ne:[0.9,1.2]": {
                    "value": 0.9864161610603333,