{
    "SF_MuIDTightBCDEF": {
        "abseta_pt": {
            "abseta:[0.0,0.9]": {
                "pt:[25.0,30.0]": {
                    "value": 0.9836313128471375, 
                    "error": 0.0010662232962348305
                }, 
                "pt:[30.0,40.0]": {
                    "value": 0.990130603313446, 
                    "error": 0.00038606820487777966
                }, 
                "pt:[40.0,50.0]": {
                    "value": 0.9862155318260193, 
                    "error": 0.00036106928668448723
                }, 
                "pt:[50.0,60.0]": {
                    "value": 0.9821423292160034, 
                    "error": 0.0009063713133639729
                }, 
                "pt:[60.0,120.0]": {
                    "value": 0.9905948638916016, 
                    "error": 0.0019830757156778516
                }, 
                "pt:[20.0,25.0]": {
                    "value": 0.9768031239509583, 
                    "error": 0.058114170529325083
                }
            }, 
            "abseta:[1.2,2.1]": {
                "pt:[25.0,30.0]": {
                    "value": 0.9937891960144043, 
                    "error": 0.0008295676777022546
                }, 
                "pt:[30.0,40.0]": {
                    "value": 0.9923500418663025, 
                    "error": 0.0003299643843528295
                }, 
                "pt:[40.0,50.0]": {
                    "value": 0.9938907623291016, 
                    "error": 0.00025761441501900227
                }, 
                "pt:[50.0,60.0]": {
                    "value": 0.9888925552368164, 
                    "error": 0.0008947709886437141
                }, 
                "pt:[60.0,120.0]": {
                    "value": 0.9913648366928101, 
                    "error": 0.0019536881682226583
                }, 
                "pt:[20.0,25.0]": {
                    "value": 1.0015270709991455, 
                    "error": 0.0016558633879199666
                }
            }, 
            "abseta:[2.1,2.4]": {
                "pt:[25.0,30.0]": {
                    "value": 0.9836202263832092, 
                    "error": 0.0017927512400188921
                }, 
                "pt:[30.0,40.0]": {
                    "value": 0.9775784611701965, 
                    "error": 0.052998908714408106
                }, 
                "pt:[40.0,50.0]": {
                    "value": 0.9819031953811646, 
                    "error": 0.0008722758863905088
                }, 
                "pt:[50.0,60.0]": {
                    "value": 0.9718608260154724, 
                    "error": 0.002784353431412023
                }, 
                "pt:[60.0,120.0]": {
                    "value": 0.971238374710083, 
                    "error": 0.006332264804025364
                }, 
                "pt:[20.0,25.0]": {
                    "value": 0.9942396283149719, 
                    "error": 0.019656235571523333
                }
            }, 
            "abseta:[0.9,1.2]": {
                "pt:[25.0,30.0]": {
                    "value": 0.9836278557777405, 
                    "error": 0.0015789025480468265
                }, 
                "pt:[30.0,40.0]": {
                    "value": 0.9859747290611267, 
                    "error": 0.0005860406468139576
                }, 
                "pt:[40.0,50.0]": {
                    "value": 0.9797820448875427, 
                    "error": 0.00045800990738787556
                }, 
                "pt:[50.0,60.0]": {
                    "value": 0.9780232310295105, 
                    "error": 0.0013555738256196483
                }, 
                "pt:[60.0,120.0]": {
                    "value": 0.9758678674697876, 
                    "error": 0.002700011422423457
                }, 
                "pt:[20.0,25.0]": {
                    "value": 0.9969363808631897, 
                    "error": 0.003153764981493666
                }
            }
        }, 
        "pt_ne_ratio": {
            "pt:[25.0,30.0]": {
                "ne:[2.1,2.4]": {
                    "value": 0.9836202263832092, 
                    "error": 0.0017927512400188921
                }, 
                "ne:[1.2,2.1]": {
                    "value": 0.9937891960144043, 
                    "error": 0.0008295676777022546
                }, 
                "ne:[0.0,0.9]": {
                    "value": 0.9836313128471375, 
                    "error": 0.0010662232962348305
                }, 
                "ne:[0.9,1.2]": {
                    "value": 0.9836278557777405, 
                    "error": 0.0015789025480468265
                }
            }, 
            "pt:[30.0,40.0]": {
                "ne:[2.1,2.4]": {
                    "value": 0.9775784611701965, 
                    "error": 0.052998908714408106
                }, 
                "ne:[1.2,2.1]": {
                    "value": 0.9923500418663025, 
                    "error": 0.0003299643843528295
                }, 
                "ne:[0.0,0.9]": {
                    "value": 0.990130603313446, 
                    "error": 0.00038606820487777966
                }, 
                "ne:[0.9,1.2]": {
                    "value": 0.9859747290611267, 
                    "error": 0.0005860406468139576
                }
            }, 
            "pt:[40.0,50.0]": {
                "ne:[2.1,2.4]": {
                    "value": 0.9819031953811646, 
                    "error": 0.0008722758863905088
                }, 
                "ne:[1.2,2.1]": {
                    "value": 0.9938907623291016, 
                    "error": 0.00025761441501900227
                }, 
                "ne:[0.0,0.9]": {
                    "value": 0.9862155318260193, 
                    "error": 0.00036106928668448723
                }, 
                "ne:[0.9,1.2]": {
                    "value": 0.9797820448875427, 
                    "error": 0.00045800990738787556
                }
            }, 
            "pt:[50.0,60.0]": {
                "ne:[2.1,2.4]": {
                    "value": 0.9718608260154724, 
                    "error": 0.002784353431412023
                }, 
                "ne:[1.2,2.1]": {
                    "value": 0.9888925552368164, 
                    "error": 0.0008947709886437141
                }, 
                "ne:[0.0,0.9]": {
                    "value": 0.9821423292160034, 
                    "error": 0.0009063713133639729
                }, 
                "ne:[0.9,1.2]": {
                    "value": 0.9780232310295105, 
                    "error": 0.0013555738256196483
                }
            }, 
            "pt:[60.0,120.0]": {
                "ne:[2.1,2.4]": {
                    "value": 0.971238374710083, 
                    "error": 0.006332264804025364
                }, 
                "ne:[1.2,2.1]": {
                    "value": 0.9913648366928101, 
                    "error": 0.0019536881682226583
                }, 
                "ne:[0.0,0.9]": {
                    "value": 0.9905948638916016, 
                    "error": 0.0019830757156778516
                }, 
                "ne:[0.9,1.2]": {
                    "value": 0.9758678674697876, 
                    "error": 0.002700011422423457
                }
            }, 
            "pt:[20.0,25.0]": {
                "ne:[2.1,2.4]": {
                    "value": 0.9942396283149719, 
                    "error": 0.019656235571523333
                }, 
                "ne:[1.2,2.1]": {
                    "value": 1.0015270709991455, 
                    "error": 0.0016558633879199666
                }, 
                "ne:[0.0,0.9]": {
                    "value": 0.9768031239509583, 
                    "error": 0.058114170529325083
                }, 
                "ne:[0.9,1.2]": {
                    "value": 0.9969363808631897,