{
    "SF_MuIsoTightBCDEF": {
        "abseta_pt": {
            "abseta:[0.0,0.9]": {
                "pt:[25.0,30.0]": {
                    "value": 0.9858967661857605, 
                    "error": 0.0020981150167958015
                }, 
                "pt:[30.0,40.0]": {
                    "value": 0.9879305362701416, 
                    "error": 0.0007649849638547543
                }, 
                "pt:[40.0,50.0]": {
                    "value": 0.9852712154388428, 
                    "error": 0.0005189531476162296
                }, 
                "pt:[50.0,60.0]": {
                    "value": 0.9869529008865356, 
                    "error": 0.0010077355207264876
                }, 
                "pt:[60.0,120.0]": {
                    "value": 0.9927085638046265, 
                    "error": 0.0012223598073904309
                }, 
                "pt:[20.0,25.0]": {
                    "value": 0.9865362048149109, 
                    "error": 0.003757433580528074
                }
            }, 
            "abseta:[1.2,2.1]": {
                "pt:[25.0,30.0]": {
                    "value": 0.9588397741317749, 
                    "error": 0.0017719506725343776
                }, 
                "pt:[30.0,40.0]": {
                    "value": 0.9692654013633728, 
                    "error": 0.0007754382935898283
                }, 
                "pt:[40.0,50.0]": {
                    "value": 0.9742981195449829, 
                    "error": 0.0005263415431934471
                }, 
                "pt:[50.0,60.0]": {
                    "value": 0.9780372977256775, 
                    "error": 0.0009683334872636955
                }, 
                "pt:[60.0,120.0]": {
                    "value": 0.9851786494255066, 
                    "error": 0.00121698066148019
                }, 
                "pt:[20.0,25.0]": {
                    "value": 0.951822817325592, 
                    "error": 0.002838886491581026
                }
            }, 
            "abseta:[2.1,2.4]": {
                "pt:[25.0,30.0]": {
                    "value": 0.936627209186554, 
                    "error": 0.003139903463320043
                }, 
                "pt:[30.0,40.0]": {
                    "value": 0.9531168341636658, 
                    "error": 0.0014448466381554632
                }, 
                "pt:[40.0,50.0]": {
                    "value": 0.9642533659934998, 
                    "error": 0.001171384670443218
                }, 
                "pt:[50.0,60.0]": {
                    "value": 0.9730250239372253, 
                    "error": 0.0021234004667070846
                }, 
                "pt:[60.0,120.0]": {
                    "value": 0.9859631657600403, 
                    "error": 0.002873167424643935
                }, 
                "pt:[20.0,25.0]": {
                    "value": 0.9186786413192749, 
                    "error": 0.004595798450785092
                }
            }, 
            "abseta:[0.9,1.2]": {
                "pt:[25.0,30.0]": {
                    "value": 0.9711393713951111, 
                    "error": 0.003587535702970178
                }, 
                "pt:[30.0,40.0]": {
                    "value": 0.9768112897872925, 
                    "error": 0.001385726244668445
                }, 
                "pt:[40.0,50.0]": {
                    "value": 0.9774429798126221, 
                    "error": 0.0005149169901059027
                }, 
                "pt:[50.0,60.0]": {
                    "value": 0.9854663610458374, 
                    "error": 0.0017261676845670528
                }, 
                "pt:[60.0,120.0]": {
                    "value": 0.9851663708686829, 
                    "error": 0.002077562187171172
                }, 
                "pt:[20.0,25.0]": {
                    "value": 0.9647453427314758, 
                    "error": 0.005888050825212672
                }
            }
        }, 
        "pt_ne_ratio": {
            "pt:[25.0,30.0]": {
                "ne:[2.1,2.4]": {
                    "value": 0.936627209186554, 
                    "error": 0.003139903463320043
                }, 
                "ne:[1.2,2.1]": {
                    "value": 0.9588397741317749, 
                    "error": 0.0017719506725343776
                }, 
                "ne:[0.0,0.9]": {
                    "value": 0.9858967661857605, 
                    "error": 0.0020981150167958015
                }, 
                "ne:[0.9,1.2]": {
                    "value": 0.9711393713951111, 
                    "error": 0.003587535702970178
                }
            }, 
            "pt:[30.0,40.0]": {
                "ne:[2.1,2.4]": {
                    "value": 0.9531168341636658, 
                    "error": 0.0014448466381554632
                }, 
                "ne:[1.2,2.1]": {
                    "value": 0.9692654013633728, 
                    "error": 0.0007754382935898283
                }, 
                "ne:[0.0,0.9]": {
                    "value": 0.9879305362701416, 
                    "error": 0.0007649849638547543
                }, 
                "ne:[0.9,1.2]": {
                    "value": 0.9768112897872925, 
                    "error": 0.001385726244668445
                }
            }, 
            "pt:[40.0,50.0]": {
                "ne:[2.1,2.4]": {
                    "value": 0.9642533659934998, 
                    "error": 0.001171384670443218
                }, 
                "ne:[1.2,2.1]": {
                    "value": 0.9742981195449829, 
                    "error": 0.0005263415431934471
                }, 
                "ne:[0.0,0.9]": {
                    "value": 0.9852712154388428, 
                    "error": 0.0005189531476162296
                }, 
                "ne:[0.9,1.2]": {
                    "value": 0.9774429798126221, 
                    "error": 0.0005149169901059027
                }
            }, 
            "pt:[50.0,60.0]": {
                "ne:[2.1,2.4]": {
                    "value": 0.9730250239372253, 
                    "error": 0.0021234004667070846
                }, 
                "ne:[1.2,2.1]": {
                    "value": 0.9780372977256775, 
                    "error": 0.0009683334872636955
                }, 
                "ne:[0.0,0.9]": {
                    "value": 0.9869529008865356, 
                    "error": 0.0010077355207264876
                }, 
                "ne:[0.9,1.2]": {
                    "value": 0.9854663610458374, 
                    "error": 0.0017261676845670528
                }
            }, 
            "pt:[60.0,120.0]": {
                "ne:[2.1,2.4]": {
                    "value": 0.9859631657600403, 
                    "error": 0.002873167424643935
                }, 
                "ne:[1.2,2.1]": {
                    "value": 0.9851786494255066, 
                    "error": 0.00121698066148019
                }, 
                "ne:[0.0,0.9]": {
                    "value": 0.9927085638046265, 
                    "error": 0.0012223598073904309
                }, 
                "ne:[0.9,1.2]": {
                    "value": 0.9851663708686829, 
                    "error": 0.002077562187171172
                }
            }, 
            "pt:[20.0,25.0]": {
                "ne:[2.1,2.4]": {
                    "value": 0.9186786413192749, 
                    "error": 0.004595798450785092
                }, 
                "ne:[1.2,2.1]": {
                    "value": 0.951822817325592, 
                    "error": 0.002838886491581026
                }, 
                "ne:[0.0,0.9]": {
                    "value": 0.9865362048149109, 
                    "error": 0.003757433580528074
                }, 
                "ne:[0.9,1.2]": {
                    "value": 0.9647453427314758,