{
    "SF_MuIsoTightGH": {
        "abseta_pt": {
            "abseta:[0.0,0.9]": {
                "pt:[25.0,30.0]": {
                    "value": 0.982155978679657, 
                    "error": 0.002136870364248817
                }, 
                "pt:[30.0,40.0]": {
                    "value": 0.982195258140564, 
                    "error": 0.0007851479146968414
                }, 
                "pt:[40.0,50.0]": {
                    "value": 0.9831070899963379, 
                    "error": 0.0005289992904119
                }, 
                "pt:[50.0,60.0]": {
                    "value": 0.9858143925666809, 
                    "error": 0.0010163527611960353
                }, 
                "pt:[60.0,120.0]": {
                    "value": 0.9911032319068909, 
                    "error": 0.0013952971124144371
                }, 
                "pt:[20.0,25.0]": {
                    "value": 0.9817416667938232, 
                    "error": 0.0038213199029704208
                }
            }, 
            "abseta:[1.2,2.1]": {
                "pt:[25.0,30.0]": {
                    "value": 0.9708175659179688, 
                    "error": 0.0018276420462417884
                }, 
                "pt:[30.0,40.0]": {
                    "value": 0.979515016078949, 
                    "error": 0.0007902739628103585
                }, 
                "pt:[40.0,50.0]": {
                    "value": 0.9806240797042847, 
                    "error": 0.0005360127860108232
                }, 
                "pt:[50.0,60.0]": {
                    "value": 0.9830666780471802, 
                    "error": 0.000983803480233095
                }, 
                "pt:[60.0,120.0]": {
                    "value": 0.9882766008377075, 
                    "error": 0.0012380587474909363
                }, 
                "pt:[20.0,25.0]": {
                    "value": 0.9715138673782349, 
                    "error": 0.0029166706091145176
                }
            }, 
            "abseta:[2.1,2.4]": {
                "pt:[25.0,30.0]": {
                    "value": 0.971413791179657, 
                    "error": 0.003179529204592486
                }, 
                "pt:[30.0,40.0]": {
                    "value": 0.9759823083877563, 
                    "error": 0.0014827176764411248
                }, 
                "pt:[40.0,50.0]": {
                    "value": 0.9813386797904968, 
                    "error": 0.0011778997721941327
                }, 
                "pt:[50.0,60.0]": {
                    "value": 0.9841095209121704, 
                    "error": 0.0021347011738024183
                }, 
                "pt:[60.0,120.0]": {
                    "value": 0.9940738677978516, 
                    "error": 0.002889986173325408
                }, 
                "pt:[20.0,25.0]": {
                    "value": 0.9573504328727722, 
                    "error": 0.0047005168624161195
                }
            }, 
            "abseta:[0.9,1.2]": {
                "pt:[25.0,30.0]": {
                    "value": 0.9713558554649353, 
                    "error": 0.003701428757251552
                }, 
                "pt:[30.0,40.0]": {
                    "value": 0.9808830618858337, 
                    "error": 0.001413440447187138
                }, 
                "pt:[40.0,50.0]": {
                    "value": 0.9783414602279663, 
                    "error": 0.0005479091112906126
                }, 
                "pt:[50.0,60.0]": {
                    "value": 0.9833794832229614, 
                    "error": 0.0017730881392693685
                }, 
                "pt:[60.0,120.0]": {
                    "value": 0.9846524000167847, 
                    "error": 0.006958951632910096
                }, 
                "pt:[20.0,25.0]": {
                    "value": 0.9738828539848328, 
                    "error": 0.006084427095419959
                }
            }
        }, 
        "pt_ne_ratio": {
            "pt:[25.0,30.0]": {
                "ne:[2.1,2.4]": {
                    "value": 0.971413791179657, 
                    "error": 0.003179529204592486
                }, 
                "ne:[1.2,2.1]": {
                    "value": 0.9708175659179688, 
                    "error": 0.0018276420462417884
                }, 
                "ne:[0.0,0.9]": {
                    "value": 0.982155978679657, 
                    "error": 0.002136870364248817
                }, 
                "ne:[0.9,1.2]": {
                    "value": 0.9713558554649353, 
                    "error": 0.003701428757251552
                }
            }, 
            "pt:[30.0,40.0]": {
                "ne:[2.1,2.4]": {
                    "value": 0.9759823083877563, 
                    "error": 0.0014827176764411248
                }, 
                "ne:[1.2,2.1]": {
                    "value": 0.979515016078949, 
                    "error": 0.0007902739628103585
                }, 
                "ne:[0.0,0.9]": {
                    "value": 0.982195258140564, 
                    "error": 0.0007851479146968414
                }, 
                "ne:[0.9,1.2]": {
                    "value": 0.9808830618858337, 
                    "error": 0.001413440447187138
                }
            }, 
            "pt:[40.0,50.0]": {
                "ne:[2.1,2.4]": {
                    "value": 0.9813386797904968, 
                    "error": 0.0011778997721941327
                }, 
                "ne:[1.2,2.1]": {
                    "value": 0.9806240797042847, 
                    "error": 0.0005360127860108232
                }, 
                "ne:[0.0,0.9]": {
                    "value": 0.9831070899963379, 
                    "error": 0.0005289992904119
                }, 
                "ne:[0.9,1.2]": {
                    "value": 0.9783414602279663, 
                    "error": 0.0005479091112906126
                }
            }, 
            "pt:[50.0,60.0]": {
                "ne:[2.1,2.4]": {
                    "value": 0.9841095209121704, 
                    "error": 0.0021347011738024183
                }, 
                "ne:[1.2,2.1]": {
                    "value": 0.9830666780471802, 
                    "error": 0.000983803480233095
                }, 
                "ne:[0.0,0.9]": {
                    "value": 0.9858143925666809, 
                    "error": 0.0010163527611960353
                }, 
                "ne:[0.9,1.2]": {
                    "value": 0.9833794832229614, 
                    "error": 0.0017730881392693685
                }
            }, 
            "pt:[60.0,120.0]": {
                "ne:[2.1,2.4]": {
                    "value": 0.9940738677978516, 
                    "error": 0.002889986173325408
                }, 
                "ne:[1.2,2.1]": {
                    "value": 0.9882766008377075, 
                    "error": 0.0012380587474909363
                }, 
                "ne:[0.0,0.9]": {
                    "value": 0.9911032319068909, 
                    "error": 0.0013952971124144371
                }, 
                "ne:[0.9,1.2]": {
                    "value": 0.9846524000167847, 
                    "error": 0.006958951632910096
                }
            }, 
            "pt:[20.0,25.0]": {
                "ne:[2.1,2.4]": {
                    "value": 0.9573504328727722, 
                    "error": 0.0047005168624161195
                }, 
                "ne:[1.2,2.1]": {
                    "value": 0.9715138673782349, 
                    "error": 0.0029166706091145176
                }, 
                "ne:[0.0,0.9]": {
                    "value": 0.9817416667938232, 
                    "error": 0.0038213199029704208
                }, 
                "ne:[0.9,1.2]": {
                    "value": 0.9738828539848328,