{
    "SF_MuTriggerBCDEF": {
        "abseta_pt": {
            "abseta:[0.0,0.9]": {
                "pt:[25.0,30.0]": {
                    "value": 0.960030198097229, 
                    "error": 0.001680675357856173
                }, 
                "pt:[30.0,40.0]": {
                    "value": 0.9715485572814941, 
                    "error": 0.00086301060758324
                }, 
                "pt:[40.0,50.0]": {
                    "value": 0.9561986327171326, 
                    "error": 0.0004412101972495359
                }, 
                "pt:[50.0,60.0]": {
                    "value": 0.9500750303268433, 
                    "error": 0.0011985867580809604
                }, 
                "pt:[60.0,120.0]": {
                    "value": 0.9573189616203308, 
                    "error": 0.0022041183582488556
                }, 
                "pt:[20.0,25.0]": {
                    "value": 0.961918294429779, 
                    "error": 0.008752245401093022
                }
            }, 
            "abseta:[1.2,2.1]": {
                "pt:[25.0,30.0]": {
                    "value": 0.9469616413116455, 
                    "error": 0.001849822802936671
                }, 
                "pt:[30.0,40.0]": {
                    "value": 0.9777948260307312, 
                    "error": 0.0008197471201965331
                }, 
                "pt:[40.0,50.0]": {
                    "value": 0.9719264507293701, 
                    "error": 0.0006324594780779615
                }, 
                "pt:[50.0,60.0]": {
                    "value": 0.959194004535675, 
                    "error": 0.0016962506502157498
                }, 
                "pt:[60.0,120.0]": {
                    "value": 0.9491364359855652, 
                    "error": 0.0031356424443996847
                }, 
                "pt:[20.0,25.0]": {
                    "value": 0.9518935084342957, 
                    "error": 0.0064957851141961825
                }
            }, 
            "abseta:[2.1,2.4]": {
                "pt:[25.0,30.0]": {
                    "value": 0.8218574523925781, 
                    "error": 0.0038246504648085516
                }, 
                "pt:[30.0,40.0]": {
                    "value": 0.9004623889923096, 
                    "error": 0.00123414830273353
                }, 
                "pt:[40.0,50.0]": {
                    "value": 0.9037304520606995, 
                    "error": 0.0017938158999123669
                }, 
                "pt:[50.0,60.0]": {
                    "value": 0.8914638161659241, 
                    "error": 0.005220004855764158
                }, 
                "pt:[60.0,120.0]": {
                    "value": 0.9211613535881042, 
                    "error": 0.00997915280658978
                }, 
                "pt:[20.0,25.0]": {
                    "value": 0.8671309351921082, 
                    "error": 0.012354990696704333
                }
            }, 
            "abseta:[0.9,1.2]": {
                "pt:[25.0,30.0]": {
                    "value": 0.9289267659187317, 
                    "error": 0.002803646901949892
                }, 
                "pt:[30.0,40.0]": {
                    "value": 0.9471866488456726, 
                    "error": 0.001016266078191586
                }, 
                "pt:[40.0,50.0]": {
                    "value": 0.9332314133644104, 
                    "error": 0.0007115180960533638
                }, 
                "pt:[50.0,60.0]": {
                    "value": 0.9296603202819824, 
                    "error": 0.004142922932015838
                }, 
                "pt:[60.0,120.0]": {
                    "value": 0.9239451885223389, 
                    "error": 0.0035302136714529956
                }, 
                "pt:[20.0,25.0]": {
                    "value": 0.9351896643638611, 
                    "error": 0.015083342936360248
                }
            }
        }, 
        "pt_ne_ratio": {
            "pt:[25.0,30.0]": {
                "ne:[2.1,2.4]": {
                    "value": 0.8218574523925781, 
                    "error": 0.0038246504648085516
                }, 
                "ne:[1.2,2.1]": {
                    "value": 0.9469616413116455, 
                    "error": 0.001849822802936671
                }, 
                "ne:[0.0,0.9]": {
                    "value": 0.960030198097229, 
                    "error": 0.001680675357856173
                }, 
                "ne:[0.9,1.2]": {
                    "value": 0.9289267659187317, 
                    "error": 0.002803646901949892
                }
            }, 
            "pt:[30.0,40.0]": {
                "ne:[2.1,2.4]": {
                    "value": 0.9004623889923096, 
                    "error": 0.00123414830273353
                }, 
                "ne:[1.2,2.1]": {
                    "value": 0.9777948260307312, 
                    "error": 0.0008197471201965331
                }, 
                "ne:[0.0,0.9]": {
                    "value": 0.9715485572814941, 
                    "error": 0.00086301060758324
                }, 
                "ne:[0.9,1.2]": {
                    "value": 0.9471866488456726, 
                    "error": 0.001016266078191586
                }
            }, 
            "pt:[40.0,50.0]": {
                "ne:[2.1,2.4]": {
                    "value": 0.9037304520606995, 
                    "error": 0.0017938158999123669
                }, 
                "ne:[1.2,2.1]": {
                    "value": 0.9719264507293701, 
                    "error": 0.0006324594780779615
                }, 
                "ne:[0.0,0.9]": {
                    "value": 0.9561986327171326, 
                    "error": 0.0004412101972495359
                }, 
                "ne:[0.9,1.2]": {
                    "value": 0.9332314133644104, 
                    "error": 0.0007115180960533638
                }
            }, 
            "pt:[50.0,60.0]": {
                "ne:[2.1,2.4]": {
                    "value": 0.8914638161659241, 
                    "error": 0.005220004855764158
                }, 
                "ne:[1.2,2.1]": {
                    "value": 0.959194004535675, 
                    "error": 0.0016962506502157498
                }, 
                "ne:[0.0,0.9]": {
                    "value": 0.9500750303268433, 
                    "error": 0.0011985867580809604
                }, 
                "ne:[0.9,1.2]": {
                    "value": 0.9296603202819824, 
                    "error": 0.004142922932015838
                }
            }, 
            "pt:[60.0,120.0]": {
                "ne:[2.1,2.4]": {
                    "value": 0.9211613535881042, 
                    "error": 0.00997915280658978
                }, 
                "ne:[1.2,2.1]": {
                    "value": 0.9491364359855652, 
                    "error": 0.0031356424443996847
                }, 
                "ne:[0.0,0.9]": {
                    "value": 0.9573189616203308, 
                    "error": 0.0022041183582488556
                }, 
                "ne:[0.9,1.2]": {
                    "value": 0.9239451885223389, 
                    "error": 0.0035302136714529956
                }
            }, 
            "pt:[20.0,25.0]": {
                "ne:[2.1,2.4]": {
                    "value": 0.8671309351921082, 
                    "error": 0.012354990696704333
                }, 
                "ne:[1.2,2.1]": {
                    "value": 0.9518935084342957, 
                    "error": 0.0064957851141961825
                }, 
                "ne:[0.0,0.9]": {
                    "value": 0.961918294429779, 
                    "error": 0.008752245401093022
                }, 
                "ne:[0.9,1.2]": {
                    "value": 0.9351896643638611,