{
    "SF_MuTriggerGH": {
        "abseta_pt": {
            "abseta:[0.0,0.9]": {
                "pt:[25.0,30.0]": {
                    "value": 0.9818235635757446, 
                    "error": 0.0016603835628320241
                }, 
                "pt:[30.0,40.0]": {
                    "value": 1.0020183324813843, 
                    "error": 0.0006133972823170067
                }, 
                "pt:[40.0,50.0]": {
                    "value": 0.9890270233154297, 
                    "error": 0.00043593247422743113
                }, 
                "pt:[50.0,60.0]": {
                    "value": 0.981951117515564, 
                    "error": 0.001115137498981465
                }, 
                "pt:[60.0,120.0]": {
                    "value": 0.9836098551750183, 
                    "error": 0.0019209718578642198
                }, 
                "pt:[20.0,25.0]": {
                    "value": 0.9864509105682373, 
                    "error": 0.009026582329041508
                }
            }, 
            "abseta:[1.2,2.1]": {
                "pt:[25.0,30.0]": {
                    "value": 0.9710466861724854, 
                    "error": 0.0019479583416839696
                }, 
                "pt:[30.0,40.0]": {
                    "value": 1.0001308917999268, 
                    "error": 0.0008542154262711921
                }, 
                "pt:[40.0,50.0]": {
                    "value": 0.9965289235115051, 
                    "error": 0.0006804900490831147
                }, 
                "pt:[50.0,60.0]": {
                    "value": 0.9864267706871033, 
                    "error": 0.0018015750390980077
                }, 
                "pt:[60.0,120.0]": {
                    "value": 0.9755304455757141, 
                    "error": 0.0033089866461290156
                }, 
                "pt:[20.0,25.0]": {
                    "value": 0.9627406001091003, 
                    "error": 0.00869775381821609
                }
            }, 
            "abseta:[2.1,2.4]": {
                "pt:[25.0,30.0]": {
                    "value": 0.8832955360412598, 
                    "error": 0.004030042358285753
                }, 
                "pt:[30.0,40.0]": {
                    "value": 0.9237186312675476, 
                    "error": 0.0018153386842844367
                }, 
                "pt:[40.0,50.0]": {
                    "value": 0.9316117763519287, 
                    "error": 0.0018286977402406804
                }, 
                "pt:[50.0,60.0]": {
                    "value": 0.9205384254455566, 
                    "error": 0.005296577926173691
                }, 
                "pt:[60.0,120.0]": {
                    "value": 0.9354501962661743, 
                    "error": 0.010797336559109097
                }, 
                "pt:[20.0,25.0]": {
                    "value": 0.8507800102233887, 
                    "error": 0.01558926520109544
                }
            }, 
            "abseta:[0.9,1.2]": {
                "pt:[25.0,30.0]": {
                    "value": 0.9562737345695496, 
                    "error": 0.002959433172636428
                }, 
                "pt:[30.0,40.0]": {
                    "value": 0.9724794030189514, 
                    "error": 0.0010428787858397417
                }, 
                "pt:[40.0,50.0]": {
                    "value": 0.9620199203491211, 
                    "error": 0.0007256822172216149
                }, 
                "pt:[50.0,60.0]": {
                    "value": 0.9526494741439819, 
                    "error": 0.004364897208053005
                }, 
                "pt:[60.0,120.0]": {
                    "value": 0.9533254504203796, 
                    "error": 0.0034624771945937385
                }, 
                "pt:[20.0,25.0]": {
                    "value": 0.9370582699775696, 
                    "error": 0.015275071693463066
                }
            }
        }, 
        "pt_ne_ratio": {
            "pt:[25.0,30.0]": {
                "ne:[2.1,2.4]": {
                    "value": 0.8832955360412598, 
                    "error": 0.004030042358285753
                }, 
                "ne:[1.2,2.1]": {
                    "value": 0.9710466861724854, 
                    "error": 0.0019479583416839696
                }, 
                "ne:[0.0,0.9]": {
                    "value": 0.9818235635757446, 
                    "error": 0.0016603835628320241
                }, 
                "ne:[0.9,1.2]": {
                    "value": 0.9562737345695496, 
                    "error": 0.002959433172636428
                }
            }, 
            "pt:[30.0,40.0]": {
                "ne:[2.1,2.4]": {
                    "value": 0.9237186312675476, 
                    "error": 0.0018153386842844367
                }, 
                "ne:[1.2,2.1]": {
                    "value": 1.0001308917999268, 
                    "error": 0.0008542154262711921
                }, 
                "ne:[0.0,0.9]": {
                    "value": 1.0020183324813843, 
                    "error": 0.0006133972823170067
                }, 
                "ne:[0.9,1.2]": {
                    "value": 0.9724794030189514, 
                    "error": 0.0010428787858397417
                }
            }, 
            "pt:[40.0,50.0]": {
                "ne:[2.1,2.4]": {
                    "value": 0.9316117763519287, 
                    "error": 0.0018286977402406804
                }, 
                "ne:[1.2,2.1]": {
                    "value": 0.9965289235115051, 
                    "error": 0.0006804900490831147
                }, 
                "ne:[0.0,0.9]": {
                    "value": 0.9890270233154297, 
                    "error": 0.00043593247422743113
                }, 
                "ne:[0.9,1.2]": {
                    "value": 0.9620199203491211, 
                    "error": 0.0007256822172216149
                }
            }, 
            "pt:[50.0,60.0]": {
                "ne:[2.1,2.4]": {
                    "value": 0.9205384254455566, 
                    "error": 0.005296577926173691
                }, 
                "ne:[1.2,2.1]": {
                    "value": 0.9864267706871033, 
                    "error": 0.0018015750390980077
                }, 
                "ne:[0.0,0.9]": {
                    "value": 0.981951117515564, 
                    "error": 0.001115137498981465
                }, 
                "ne:[0.9,1.2]": {
                    "value": 0.9526494741439819, 
                    "error": 0.004364897208053005
                }
            }, 
            "pt:[60.0,120.0]": {
                "ne:[2.1,2.4]": {
                    "value": 0.9354501962661743, 
                    "error": 0.010797336559109097
                }, 
                "ne:[1.2,2.1]": {
                    "value": 0.9755304455757141, 
                    "error": 0.0033089866461290156
                }, 
                "ne:[0.0,0.9]": {
                    "value": 0.9836098551750183, 
                    "error": 0.0019209718578642198
                }, 
                "ne:[0.9,1.2]": {
                    "value": 0.9533254504203796, 
                    "error": 0.0034624771945937385
                }
            }, 
            "pt:[20.0,25.0]": {
                "ne:[2.1,2.4]": {
                    "value": 0.8507800102233887, 
                    "error": 0.01558926520109544
                }, 
                "ne:[1.2,2.1]": {
                    "value": 0.9627406001091003, 
                    "error": 0.00869775381821609
                }, 
                "ne:[0.0,0.9]": {
                    "value": 0.9864509105682373, 
                    "error": 0.009026582329041508
                }, 
                "ne:[0.9,1.2]": {
                    "value": 0.9370582699775696,